<?xml version="1.0" encoding="UTF-8"?>
<!DOCTYPE hibernate-mapping PUBLIC "-//Hibernate/Hibernate Mapping DTD 3.0//EN" "http://hibernate.sourceforge.net/hibernate-mapping-3.0.dtd" >
<hibernate-mapping>
<class name="com.qhit.lh.shutu.exam.common.been.Teacher" table="t_teacher" schema="dbo" catalog="db_exam">
        <id name="tid" type="java.lang.String">
            <column name="tid" />
           	<generator class="foreign">
            	<param name="property">user</param>
            </generator>
        </id>
        <property name="tname" type="java.lang.String">
            <column name="tname" length="20" not-null="true" />
        </property>
        <property name="sex" type="java.lang.String">
            <column name="sex" length="2" not-null="true" />
        </property>
        <property name="birthday" type="java.lang.String">
            <column name="birthday" length="20" />
        </property>
        <property name="education" type="java.lang.String">
            <column name="education" length="20" />
        </property>
        <property name="tel" type="java.lang.String">
            <column name="tel" length="11" />
        </property>
        <property name="post" type="java.lang.String">
            <column name="post" length="10" not-null="true" />
        </property>
        <property name="remarks" type="java.lang.String">
            <column name="remarks" length="100" />
        </property>
        <!-- 1-1 -->
        <one-to-one name="user" class="com.qhit.lh.shutu.exam.common.been.User" cascade="all"></one-to-one>
    </class>
</hibernate-mapping>

