<?xml version="1.0" encoding="UTF-8" ?>
<!DOCTYPE struts PUBLIC
        "-//Apache Software Foundation//DTD Struts Configuration 2.0//EN"
        "http://struts.apache.org/dtds/struts-2.0.dtd">

<struts>

    <package name="question" namespace="/question" extends="default">

        <action name="question_*" class="com.qhit.lh.g4.jay.exam.tkgl.action.QuestionAction" method="{1}">
        	<interceptor-ref name="loginInterceptor"></interceptor-ref>
        	<interceptor-ref name="defaultStack"></interceptor-ref>
        	<result name="listCourse" >/jsp/questionsManage.jsp</result>
        	<result name="listWritten" >/jsp/writtenQuestionList.jsp</result>
        	<result name="addWrittenQuestion">/jsp/closeDialog.jsp</result>
        </action>
    </package>
</struts>
