<?xml version="1.0" encoding="utf-8"?>
<!DOCTYPE hibernate-mapping PUBLIC "-//Hibernate/Hibernate Mapping DTD 3.0//EN"
"http://www.hibernate.org/dtd/hibernate-mapping-3.0.dtd">
<!-- 
    Mapping file autogenerated by MyEclipse Persistence Tools
-->
<hibernate-mapping>
    <class name="com.qhit.lh.shutu.exam.kmgl.bean.Course" table="t_course" schema="dbo" catalog="db_exam">
        <id name="csId" type="java.lang.Integer">
            <column name="csId" />
            <generator class="native"></generator>
        </id>
        <property name="csName" type="java.lang.String">
            <column name="csName" length="20" not-null="true" />
        </property>
        <property name="stage" type="java.lang.String">
            <column name="stage" length="2" not-null="true" />
        </property>
        <property name="major" type="java.lang.String">
            <column name="major" length="10" not-null="true" />
        </property>
        <!-- 1-n -->
        <set name="writtenQuestions" fetch="join" cascade="save-update">
        	<key column="csId"></key>
        	<one-to-many class="com.qhit.lh.shutu.exam.tkgl.bean.WrittenQuestion"/>
        </set>
        <set name="machineQuestions" fetch="join" cascade="save-update">
        	<key column="csId"></key>
        	<one-to-many class="com.qhit.lh.shutu.exam.tkgl.bean.MachineQuestion"/>
        </set>
    </class>
</hibernate-mapping>
