<?xml version="1.0" encoding="utf-8"?>
<!DOCTYPE hibernate-mapping PUBLIC "-//Hibernate/Hibernate Mapping DTD 3.0//EN"
"http://www.hibernate.org/dtd/hibernate-mapping-3.0.dtd">
<!-- 
    Mapping file autogenerated by MyEclipse Persistence Tools
-->
<hibernate-mapping>
    <class name="com.qhit.lh.shutu.exam.bjgl.been.ClassInfo" table="t_classInfo" schema="dbo" catalog="db_exam">
        <id name="ccode" type="java.lang.String">
            <column name="cCode" length="20" />
            <generator class="native"></generator>
        </id>
        <property name="cname" type="java.lang.String">
            <column name="cName" length="20" not-null="true" />
        </property>
        <property name="major" type="java.lang.String" >
            <column name="major" length="10" not-null="true" />
        </property>
        <property name="insId" type="java.lang.Integer">
            <column name="insId" not-null="true" />
        </property>
        <property name="iecId" type="java.lang.Integer">
            <column name="iecId" not-null="true" />
        </property>
        <property name="cdate" type="java.util.Date">
            <column name="cDate" length="10" not-null="true" />
        </property>
        <property name="g1num" type="java.lang.Integer">
            <column name="g1Num" />
        </property>
        <property name="g2num" type="java.lang.Integer">
            <column name="g2Num" />
        </property>
        <property name="g3num" type="java.lang.Integer">
            <column name="g3Num" />
        </property>
        <property name="csId" type="java.lang.Integer">
            <column name="csId" />
        </property>
        <property name="cremark" type="java.lang.String">
            <column name="cRemark" length="50" />
        </property>
        
        <!-- 1-n -->
        <set name="students" lazy="false" cascade="save-update">
        	<key column="cCode"></key>
        	<one-to-many class="com.qhit.lh.shutu.exam.common.been.Student"/>
        </set>
    </class>
</hibernate-mapping>
